{
    "Open": 29105.35,
    "Open Score": "99.95%",
    "Close": 29098.56,
    "Close Score": "99.73%",
    "High": 29824.24,
    "High Score": "99.96%",
    "Low": 28267.62,
    "Low Score": "99.92%",
    "Volume": 17283239936,
    "Volume Score": "46.95%",
    "Yesterday": {
        "Open": 29248.2421875,
        "Close": 28522.55078125,
        "High": 29325.673828125,
        "Low": 28493.359375,
        "Volume": 17283239936
    }
}