{
    "Open": 28504.04,
    "Open Score": "99.96%",
    "Close": 28476.49,
    "Close Score": "99.8%",
    "High": 29215.99,
    "High Score": "99.96%",
    "Low": 27658.02,
    "Low Score": "99.95%",
    "Volume": 30408585843,
    "Volume Score": "58.8%",
    "Yesterday - 2023-05-03 00:00:00+00:00": {
        "Open": 28680.494140625,
        "Close": 29006.30859375,
        "High": 29259.533203125,
        "Low": 28178.388671875,
        "Volume": 19122972518
    }
}