{
    "Open": 29013.0,
    "Open Score": "99.96%",
    "Close": 28981.03,
    "Close Score": "99.8%",
    "High": 29733.16,
    "High Score": "99.96%",
    "Low": 28149.54,
    "Low Score": "99.95%",
    "Volume": 30801635732,
    "Volume Score": "58.48%",
    "Yesterday - 2023-05-04 00:00:00+00:00": {
        "Open": 29031.3046875,
        "Close": 28847.7109375,
        "High": 29353.185546875,
        "Low": 28694.0390625,
        "Volume": 15548678514
    }
}