{
    "Open": 28504.04,
    "Open Score": "99.96%",
    "Close": 28476.49,
    "Close Score": "99.8%",
    "High": 29215.99,
    "High Score": "99.96%",
    "Low": 27658.02,
    "Low Score": "99.95%",
    "Volume": 30408585843,
    "Volume Score": "58.8%",
    "Yesterday - 2023-05-03 00:00:00+00:00": {
        "Open": 29065.21875,
        "Close": 28924.775390625,
        "High": 29343.48046875,
        "Low": 28760.708984375,
        "Volume": 20049997824
    }
}