{
    "Open": 28896.19,
    "Open Score": "99.95%",
    "Close": 28887.28,
    "Close Score": "99.79%",
    "High": 29611.15,
    "High Score": "99.96%",
    "Low": 28070.35,
    "Low Score": "99.92%",
    "Volume": 29853815269,
    "Volume Score": "48.69%",
    "Yesterday - 2023-05-01 00:00:00+00:00": {
        "Open": 28011.58203125,
        "Close": 28142.66796875,
        "High": 28203.69921875,
        "Low": 27928.583984375,
        "Volume": 15918565376
    }
}